Name,mean_brown,mean_green,Label
brown_00000,7.081601400131262,68.51085620647275,1
brown_00001,11.185780525502318,66.5766369047619,1
brown_00002,10.438046526975748,68.2202743902439,1
brown_00003,9.210809050952305,70.26164519326065,1
brown_00004,12.929357953582924,69.0304347826087,1
brown_00005,11.464648476399123,67.35357309668379,1
brown_00006,10.781330116121248,66.6350626118068,1
brown_00007,8.534255185417976,69.27005532503458,1
brown_00008,9.94863813229572,65.82670454545455,1
brown_00009,8.531202723146748,70.05278921752152,1
brown_00010,10.635475385193535,67.77437943262412,1
brown_00011,11.862450925406618,66.90549169859514,1
brown_00012,9.95249077490775,68.73228346456693,1
brown_00013,10.729825389334591,69.00320684126136,1
brown_00014,10.725684868542013,67.99870466321244,1
brown_00015,9.35145934676859,69.04145077720207,1
brown_00016,10.022225144660704,66.21912617030762,1
brown_00017,9.927162367223064,65.75125628140704,1
brown_00018,14.011952935317188,67.73831488314883,1
brown_00019,11.033608371905816,68.9588806396345,1
brown_00020,13.382326721640297,70.59742616729912,1
brown_00021,9.723275024295432,75.30914744752526,1
brown_00022,9.448347971560016,76.03211351755041,1
brown_00023,10.93155452436195,74.10663129973474,1
brown_00024,12.069653546163613,67.23511214230471,1
brown_00025,12.203335283791692,70.86914181375532,1
brown_00026,10.949341208541572,74.72842705364084,1
brown_00027,11.107779886148007,75.65916666666666,1
brown_00028,11.106275303643724,77.1382947553472,1
brown_00029,11.876585104482944,71.71716876279613,1
brown_00030,10.6781238811314,71.63068965517242,1
brown_00031,12.097872340425532,66.66427432216906,1
brown_00032,13.064930388862216,67.8517455762793,1
brown_00033,12.832920307812705,67.95933537385221,1
brown_00034,11.499081726354454,68.41115216661068,1
brown_00035,9.600419507079184,73.09445890665675,1
brown_00036,12.061737257717157,68.3088360237893,1
brown_00037,13.962469207361252,69.74538192710934,1
brown_00038,10.954514937898624,69.74396912190414,1
brown_00039,13.03970701619121,71.50418760469012,1
brown_00040,8.846612226881483,74.16081479496114,1
brown_00041,11.361115462948456,72.55950752393981,1
brown_00042,11.744753806062269,71.77674418604651,1
brown_00043,10.940025795356837,75.6556854410202,1
brown_00044,12.257376367917994,72.46901471243869,1
brown_00045,11.933270676691729,72.25779036827196,1
brown_00046,9.112119725220804,73.68528148315623,1
brown_00047,11.098231827111984,76.24803459119497,1
brown_00048,11.098231827111984,76.24803459119497,1
brown_00049,11.848327645051194,68.56429734129138,1
brown_00050,11.848327645051194,68.56429734129138,1
brown_00051,12.774959592191967,71.38957055214723,1
brown_00052,12.774959592191967,71.38957055214723,1
brown_00053,11.827586206896552,74.24759556103575,1
brown_00054,11.827586206896552,74.24759556103575,1
brown_00055,13.004674046740467,73.38587550054605,1
brown_00056,13.004674046740467,73.38587550054605,1
brown_00057,13.185669996555289,71.00245098039215,1
brown_00058,13.185669996555289,71.00245098039215,1
brown_00059,12.49222657834257,69.90745121230042,1
brown_00060,12.49222657834257,69.90745121230042,1
brown_00061,12.600788781770376,69.07502435855797,1
brown_00062,12.600788781770376,69.07502435855797,1
brown_00063,12.276261230131306,67.4485580670304,1
brown_00064,12.276261230131306,67.4485580670304,1
brown_00065,15.515562114301046,67.26106392489942,1
brown_00066,15.515562114301046,67.26106392489942,1
brown_00067,13.50673558897243,66.48215560314061,1
brown_00068,13.50673558897243,66.48215560314061,1
brown_00069,13.199212340006564,67.17316409791478,1
brown_00070,13.199212340006564,67.17316409791478,1
brown_00071,12.868792838159184,65.13339731285988,1
brown_00072,12.868792838159184,65.13339731285988,1
brown_00073,14.89604221635884,66.69367283950618,1
brown_00074,14.89604221635884,66.69367283950618,1
brown_00075,14.354556633419866,68.51144244105409,1
brown_00076,14.354556633419866,68.51144244105409,1
brown_00077,12.93806727175654,68.2953915890204,1
brown_00078,12.93806727175654,68.2953915890204,1
brown_00079,11.622296173044925,68.7872340425532,1
brown_00080,11.622296173044925,68.7872340425532,1
brown_00081,13.34338284194192,64.74,1
brown_00082,10.143639150426976,67.64365482233502,1
brown_00083,10.143639150426976,67.64365482233502,1
brown_00084,15.74594363791631,66.47693817468107,1
brown_00085,16.466770048737263,66.91145572786394,1
brown_00086,15.671515151515152,66.49876786594382,1
brown_00087,16.067731500202182,66.55260521042084,1
brown_00088,16.001621402513173,66.45886561062851,1
brown_00089,15.75257731958763,67.11829573934837,1
brown_00090,16.224932249322492,66.71890547263682,1
brown_00091,16.251211801896734,66.27092620108965,1
brown_00092,15.473890608875127,66.58411910669975,1
brown_00093,16.232473897293843,66.50659501709819,1
brown_00094,15.539543416225031,66.3338185346919,1
brown_00095,15.635970333745364,66.05413533834586,1
brown_00096,15.9549436795995,66.43994140625,1
brown_00097,15.046259842519683,65.8255872063968,1
brown_00098,15.449165081378144,66.20206489675516,1
brown_00099,16.006128255635808,65.67976424361493,1
brown_00100,14.625541572106458,65.66065333983423,1
brown_00101,16.457663708323338,65.24189646831157,1
brown_00102,15.894813378574892,66.03645083932854,1
brown_00103,15.267163137072377,66.17579799904716,1
brown_00104,15.980577427821522,66.65953399904897,1
brown_00105,14.49250430081101,66.11262959472197,1
brown_00106,14.821410321921308,66.001386962552,1
brown_00107,15.340951368588891,65.7386468952734,1
brown_00108,14.22978944632181,66.67003676470588,1
brown_00109,13.850124206458736,66.20445920303605,1
brown_00110,14.129750271444085,66.38653136531366,1
brown_00111,13.35499869485774,65.51519274376417,1
brown_00112,13.860289855072464,66.27409090909092,1
brown_00113,13.901730712819008,66.74536628420124,1
brown_00114,14.37197016780609,66.98764887516542,1
brown_00115,13.757928425952866,66.90221088435374,1
brown_00116,13.833483078766095,66.85613726352838,1
brown_00117,13.592033796016898,67.09750765194578,1
brown_00118,12.669535283993117,67.35337370242215,1
brown_00119,12.888856304985335,67.2484049340706,1
brown_00120,12.70184202310334,68.352,1
brown_00121,13.717643164515062,67.74760116812682,1
brown_00122,14.297693152691322,67.28624844204404,1
brown_00123,13.920212765957446,67.63871506049229,1
brown_00124,14.195940959409594,67.59369951534734,1
brown_00125,13.396988364134154,68.5379746835443,1
brown_00126,11.608253772713274,68.4901169826543,1
brown_00127,12.840645161290322,67.82762786951268,1
brown_00128,12.034146341463414,67.23572037510657,1
brown_00129,11.725561627200973,67.35061826884723,1
brown_00130,12.794037940379404,68.0800796812749,1
brown_00131,13.928438315318672,69.42558139534884,1
brown_00132,14.501211631663974,67.8879173290938,1
brown_00133,13.39946483180428,68.4557210031348,1
brown_00134,14.551839464882944,69.16300227445033,1
brown_00135,11.307383895756766,69.46081739782527,1
brown_00136,12.910577971646674,69.69196261682244,1
brown_00137,13.096333853354134,68.98610095098756,1
brown_00138,12.682522123893806,68.10826542491269,1
brown_00139,14.895897662108514,68.6313169984686,1
brown_00140,15.149977344811962,67.93874425727412,1
brown_00141,13.228063943161636,64.92139988525531,1
brown_00142,12.082754054948692,64.99707773232028,1
brown_00143,12.684031324480763,65.59662921348314,1
brown_00144,13.14827828531272,64.89366515837104,1
brown_00145,14.040693293142429,65.35435267857143,1
brown_00146,14.141069397042092,65.24640883977901,1
brown_00147,13.58437270726339,65.287100456621,1
brown_00148,12.674084217733652,64.95724059293045,1
brown_00149,12.631757905474329,65.12162162162163,1
brown_00150,12.083175803402646,65.02679589509692,1
brown_00151,11.94018752020692,65.19966159052453,1
brown_00152,13.01051156271899,65.49520586576425,1
brown_00153,13.252926569705568,65.03119682359615,1
brown_00154,12.13618802318094,65.40313225058004,1
brown_00155,12.242044358727098,65.82842287694974,1
brown_00156,13.928420310296191,65.89161437535653,1
brown_00157,14.06415770609319,65.56844547563806,1
brown_00158,12.310242941562706,65.58651188501935,1
brown_00159,14.275602409638552,66.33710285406569,1
brown_00160,12.469741576709191,67.17043010752688,1
brown_00161,13.942524803284297,66.26550998948476,1
brown_00162,12.524223602484472,67.16165413533835,1
brown_00163,12.48618957940992,66.85021786492375,1
brown_00164,12.819773095623988,66.33070036861506,1
brown_00165,12.772327469553453,66.22855620671284,1
brown_00166,12.261573324700551,67.24372955288986,1
brown_00167,14.04756289308176,67.18072289156626,1
brown_00168,13.811915887850468,66.97046843177189,1
brown_00169,13.94267981014969,66.930256948086,1
brown_00170,13.225584594222834,66.90628328008519,1
brown_00171,13.285563751317175,67.73869610935857,1
brown_00172,14.073150457190357,67.35323383084577,1
brown_00173,12.622993776613168,66.18987341772151,1
brown_00174,14.494812164579606,67.9643665158371,1
brown_00175,12.303535010197145,67.44853737811485,1
brown_00176,12.145982905982908,67.3730870712401,1
brown_00177,13.12023575638507,67.81640260950606,1
brown_00178,12.315387552500956,68.4063055062167,1
brown_00179,12.578881469115192,68.84794816414687,1
brown_00180,11.628068889703188,69.3467779323134,1
brown_00181,12.774989544123798,69.95222129086336,1
brown_00182,11.491501907734998,68.22177777777777,1
brown_00183,12.1393961982855,69.10384774513861,1
brown_00184,13.84423676012461,70.12848484848485,1
brown_00185,10.492724196277496,69.44278807413376,1
brown_00186,10.678452301534357,68.31069540463604,1
brown_00187,10.924877707896576,69.48841059602648,1
brown_00188,11.025801952580196,69.74699294898383,1
brown_00189,10.602320675105483,69.41076487252124,1
brown_00190,12.052740863787376,70.39103362391033,1
brown_00191,12.05201612903226,69.64693171996542,1
brown_00192,11.949819349658773,69.47653429602889,1
brown_00193,11.387618296529968,68.98318945933667,1
brown_00194,11.516048353480617,69.22010869565217,1
brown_00195,12.816010763538513,69.91275455519829,1
brown_00196,13.926797627872498,69.93158007269618,1
brown_00197,13.8046781287485,69.40868263473054,1
brown_00198,13.808629644426688,69.75252851301916,1
brown_00199,13.622947615324472,69.32041952054794,1
brown_00200,14.051199657240788,69.40756118881119,1
brown_00201,13.627906976744184,68.90917127071823,1
brown_00202,13.586298028054484,69.12190309142731,1
brown_00203,13.087049243892984,69.55922373410662,1
brown_00204,12.391414141414142,69.37964422427382,1
brown_00205,12.631709918236758,69.20469330855019,1
brown_00206,13.024247948951686,69.2273156899811,1
brown_00207,13.319857089131252,69.43628612032212,1
brown_00208,13.864414029084688,68.9171205304286,1
brown_00209,13.904515839137272,69.27738299436413,1
brown_00210,14.211577752553916,69.72019464720195,1
brown_00211,13.640200286123031,68.47582205029013,1
brown_00212,13.918612559510317,69.02175543885971,1
brown_00213,14.081216069489685,68.78940794404197,1
brown_00214,15.20540265035678,68.02639442231076,1
brown_00215,11.896531679906994,67.80468178493051,1
brown_00216,13.161222339304532,68.66031108881084,1
brown_00217,14.044668911335576,68.169740777667,1
brown_00218,13.93467336683417,68.26247783126425,1
brown_00219,15.155584415584416,68.20903812168645,1
brown_00220,13.854871794871794,67.94861864187968,1
brown_00221,13.91904761904762,67.85083440308087,1
brown_00222,13.937455746990796,68.27139492279508,1
brown_00223,14.40719002201027,68.49388816644993,1
brown_00224,14.466128637808756,68.90594451783355,1
brown_00225,14.035302424099788,68.35539606592238,1
brown_00226,14.110408029674886,68.28498931623932,1
brown_00227,14.084130019120458,68.28215767634855,1
brown_00228,13.932681017612524,68.1324376199616,1
brown_00229,14.041616161616162,67.49958552086211,1
brown_00230,14.85777777777778,67.5059507334625,1
brown_00231,14.93042731372128,66.98843930635839,1
brown_00232,14.596550989993611,66.97068676716918,1
brown_00233,14.867569428505853,66.3301702483952,1
brown_00234,14.46021699819168,66.46553167736533,1
brown_00235,15.114909781576449,66.54463020685746,1
brown_00236,14.5441647597254,66.20304422745548,1
brown_00237,14.27779077931196,65.35564378899603,1
brown_00238,11.70774154830966,65.48030388294879,1
brown_00239,13.8042656587473,68.72105772331506,1
brown_00240,13.48051599032518,68.57498383968972,1
brown_00241,11.97427652733119,68.60395045195848,1
brown_00242,12.044757354790043,68.89164402173913,1
brown_00243,9.311713836477988,68.88370423546303,1
brown_00244,12.317294840951618,69.16478308421436,1
brown_00245,12.538606403013183,68.89019033674964,1
brown_00246,11.68636013357308,68.91783489096574,1
brown_00247,12.3800494641385,68.6464191976003,1
brown_00248,12.53274487471526,68.98721227621483,1
brown_00249,12.191459670667038,68.65914878137505,1
brown_00250,12.826917338108029,68.49924868519909,1
brown_00251,11.70123258306538,68.9847439157283,1
brown_00252,11.54758064516129,69.16369710467706,1
brown_00253,12.1072298943948,68.61634756995582,1
brown_00254,11.063326551373349,70.2638837122624,1
brown_00255,11.350788137857334,69.36401673640168,1
brown_00256,11.54397309881014,70.39043824701196,1
brown_00257,11.380792130468548,70.59463432561559,1
brown_00258,12.75451467268623,70.3177636234961,1
brown_00259,12.96438508625487,70.40234375,1
brown_00260,11.892530487804878,71.25783972125436,1
brown_00261,11.425601494977808,71.31754205286646,1
brown_00262,11.652359497272943,71.48677966101695,1
brown_00263,12.254743232987604,71.63321678321678,1
brown_00264,14.093693036821,72.24726911618669,1
brown_00265,13.52867550906034,72.3241288625904,1
brown_00266,14.256159420289856,72.2852146263911,1
brown_00267,14.78186968838527,72.6921587608906,1
brown_00268,14.648448773448774,72.51239669421487,1
brown_00269,16.10513595166163,73.03701399688958,1
brown_00270,15.849677040516736,72.36329352608422,1
brown_00271,15.991139988186651,72.56246036778694,1
brown_00272,16.208749500599282,72.630073800738,1
brown_00273,16.174703557312252,72.99627097576135,1
brown_00274,16.156975628478218,72.80564937058642,1
brown_00275,16.027439024390244,72.4015479876161,1
brown_00276,15.232295142751203,73.85177261613691,1
brown_00277,14.115007735946364,73.29691283292978,1
brown_00278,15.40967441860465,73.37133353492591,1
brown_00279,15.289906542056077,73.75367536753676,1
brown_00280,15.724755700325732,73.40107430617726,1
brown_00281,14.572907967262402,73.64870497171778,1
brown_00282,15.280768564999134,73.34438851051229,1
brown_00283,16.651429612092514,73.37704439252336,1
brown_00284,16.59713375796178,72.84275466284075,1
brown_00285,16.440701037944528,73.2111142938986,1
brown_00286,15.849360026255331,72.73667711598746,1
brown_00287,15.166909739102252,73.50245027385414,1
brown_00288,16.144605308514304,73.15720399429387,1
brown_00289,17.259903739355796,72.87767673804635,1
brown_00290,15.954387704511651,72.62804694553115,1
brown_00291,15.584357020681075,72.52816901408451,1
brown_00292,16.59285021028793,72.61335841956726,1
brown_00293,15.916567544604929,72.39148661722025,1
brown_00294,15.747339976355343,72.00384122919334,1
brown_00295,16.569529284944306,71.60791366906474,1
brown_00296,16.90661478599222,72.24773413897282,1
brown_00297,17.014594689643044,72.35483870967742,1
brown_00298,17.63969521044993,72.60787671232876,1
brown_00299,17.122089923582728,72.69911504424779,1
brown_00300,17.01399795151929,72.47553678282296,1
brown_00301,16.741714467813892,71.53763824473778,1
brown_00302,15.619538834951456,72.17470097861543,1
brown_00303,16.1513105000804,72.47858472998138,1
brown_00304,16.43293450881612,71.28104575163398,1
brown_00305,16.848774275708372,72.1634692246203,1
brown_00306,16.741265655899802,72.20289272800322,1
brown_00307,17.286253646816544,71.51497504159734,1
brown_00308,15.556269113149847,72.26361031518624,1
brown_00309,16.001381215469614,72.49129677980854,1
brown_00310,15.594303310238644,71.17629179331307,1
brown_00311,15.56631643063804,71.66726699684827,1
brown_00312,15.145877700030423,71.09124423963134,1
brown_00313,13.096622719884412,68.7117296222664,1
brown_00314,13.428282828282828,69.01463414634146,1
brown_00315,13.208629062383263,68.86222222222223,1
brown_00316,12.57683465959328,68.73224852071006,1
brown_00317,12.259412068076328,68.68666994589277,1
brown_00318,12.187224669603523,68.56215676485272,1
brown_00319,12.634618770910372,68.88733099649474,1
brown_00320,12.293587344786529,68.73489278752437,1
brown_00321,11.966539037789246,68.79891035165923,1
brown_00322,12.224267211997274,68.80803134182175,1
brown_00323,12.188649774383894,68.60848366650414,1
brown_00324,12.930116472545755,69.00048262548262,1
brown_00325,13.6811651249754,68.61287176986836,1
brown_00326,12.393173198482932,68.9364161849711,1
brown_00327,12.685629299126232,68.09303435114504,1
brown_00328,13.683677521842732,68.71958666040395,1
brown_00329,13.516227180527384,68.45585501858736,1
brown_00330,14.11691067260768,68.5130023640662,1
brown_00331,14.191549912434326,68.03715898400752,1
brown_00332,13.474024619236388,68.5257403189066,1
brown_00333,13.354973821989528,67.7436247723133,1
brown_00334,13.300537056928034,68.27405119152692,1
brown_00335,11.810800744878955,68.34746862829944,1
brown_00336,11.885321100917432,68.74968287526427,1
brown_00337,13.669242658423492,68.37107188979768,1
brown_00338,12.979635129401782,68.62992125984252,1
brown_00339,13.952157598499062,69.0179540709812,1
brown_00340,14.484450063211126,68.98882201203783,1
brown_00341,12.88893815118599,68.03253895508708,1
brown_00342,12.237345810293492,69.28192446043165,1
brown_00343,12.906123367852318,69.32270916334662,1
brown_00344,12.08084656084656,69.02223190932868,1
brown_00345,13.138058837155432,68.63699825479931,1
brown_00346,13.4279990572708,68.09532138172278,1
brown_00347,13.41991860186737,68.47283340817243,1
brown_00348,11.996791443850269,68.58436395759718,1
brown_00349,11.869037656903766,68.16630387461908,1
brown_00350,11.784111957192838,68.26020184291356,1
brown_00351,11.878512396694214,68.2023653088042,1
brown_00352,11.725272507064998,68.44049187527449,1
brown_00353,11.455449647741402,68.47521739130435,1
brown_00354,11.247634718222953,68.22084805653711,1
brown_00355,12.005439330543933,68.41552712836348,1
brown_00356,12.318902700385769,69.184811237928,1
brown_00357,11.884687305215042,69.0205082478823,1
brown_00358,12.913963963963964,68.49365367180417,1
brown_00359,12.982199618563255,68.07038581856101,1
brown_00360,11.903405572755418,67.9275664408546,1
brown_00361,11.35876042908224,67.88930885529157,1
brown_00362,11.50271852781263,68.37087168381159,1
brown_00363,11.956384448391551,68.53663793103448,1
brown_00364,11.58942610062893,69.13209494324046,1
brown_00365,11.998218527315917,68.91755468311834,1
brown_00366,12.477987421383649,68.67438105489774,1
brown_00367,12.574433656957927,68.5864406779661,1
brown_00368,12.600671140939598,68.8261814231396,1
brown_00369,11.9014346934973,69.22962962962963,1
brown_00370,12.116975187081527,69.9123259412068,1
brown_00371,12.671546391752578,69.59782608695652,1
brown_00372,12.721049516669954,70.7860513896172,1
brown_00373,12.562859333077808,69.3539976825029,1
brown_00374,13.427173061863742,69.32871396895787,1
brown_00375,13.041164081945242,70.0607476635514,1
brown_00376,12.788775880857246,70.19959879638917,1
brown_00377,13.37827500478103,70.55105973025049,1
brown_00378,13.519415680473372,69.77592311583207,1
brown_00379,13.923894147189491,69.78593272171254,1
brown_00380,13.01417936901808,70.0634765625,1
brown_00381,13.784747378455672,69.72234042553191,1
brown_00382,14.303449700475108,69.63932645301466,1
brown_00383,13.417910447761194,69.23801369863014,1
brown_00384,13.283045120254425,68.71420486700623,1
brown_00385,14.242793081358103,68.87170474516697,1
brown_00386,12.07804385458742,67.22587601078168,1
brown_00387,13.070584716614327,67.77743902439025,1
brown_00388,13.154778131152506,67.4734693877551,1
brown_00389,13.226773076343925,67.45251686559419,1
brown_00390,13.115683926967971,67.57802874743327,1
brown_00391,12.937297615543129,67.60406885758998,1
brown_00392,13.105397301349326,67.47387295081967,1
brown_00393,12.685453491741525,67.54100051572976,1
brown_00394,12.60179512751104,67.99380485286525,1
brown_00395,12.803854875283449,67.19088176352706,1
brown_00396,12.763222015192776,66.88769004413929,1
brown_00397,13.6279932025336,67.64069037656904,1
brown_00398,13.919993712668973,67.68580375782881,1
brown_00399,13.80947926410976,68.15971873430436,1
brown_00400,13.674726628677035,67.58040573973281,1
brown_00401,12.998545031281829,67.8797071129707,1
brown_00402,12.797918112421929,67.46754617414248,1
brown_00403,12.857950530035335,67.61550468262227,1
brown_00404,12.850220935547767,68.38486842105263,1
brown_00405,13.598778331457964,68.90525020508613,1
brown_00406,13.385296442687746,69.12627291242363,1
brown_00407,13.53206046141607,69.28099510603589,1
brown_00408,13.84474287585981,68.82475083056478,1
brown_00409,13.646714378659729,68.81833473507149,1
brown_00410,12.989565217391304,68.74020202020202,1
brown_00411,12.91197238349286,69.28845352230096,1
brown_00412,13.135231316725978,69.04696016771489,1
brown_00413,13.109298531810769,69.4260182876143,1
brown_00414,12.699952599146783,68.97358490566037,1
brown_00415,13.168939652233208,68.46029035012809,1
brown_00416,13.663216830675262,69.32837778749453,1
brown_00417,12.753375630388808,68.95450606585788,1
brown_00418,12.70763131813677,68.78638602776533,1
brown_00419,12.8646194485719,68.6252158894646,1
brown_00420,13.021331498365733,69.62868284228769,1
brown_00421,12.59533073929961,69.36932305055699,1
brown_00422,13.220377097387995,69.8798118049615,1
brown_00423,12.092167348222713,69.60499139414802,1
brown_00424,12.764060124978888,69.9776748104465,1
brown_00425,11.95495353598992,70.02725724020443,1
brown_00426,12.423838960215566,69.34771465185818,1
brown_00427,12.525821596244132,69.63560804899387,1
brown_00428,12.729170260479558,69.5749342681858,1
brown_00429,12.045946832950444,69.78433098591549,1
brown_00430,12.492412349555206,70.18066273263732,1
brown_00431,12.8865128493716,69.81159420289855,1
brown_00432,12.323969691369433,69.77209510991476,1
brown_00433,12.579585382993676,69.94638069705094,1
brown_00434,12.66453313253012,70.30827067669173,1
brown_00435,12.75488867376573,70.58108747044918,1
brown_00436,12.419872379216043,70.04768928220255,1
brown_00437,12.220631424375918,70.36694540088538,1
brown_00438,11.969964028776978,70.16293597084852,1
brown_00439,12.431758530183728,69.89769820971867,1
brown_00440,12.689540566959922,70.22766415500539,1
brown_00441,11.574294336943014,70.06492815327302,1
brown_00442,12.405501497005988,70.44341675734493,1
brown_00443,14.54577630957999,70.19589977220957,1
brown_00444,13.11124845488257,70.11854792966534,1
brown_00445,13.051276854479124,70.81729106628242,1
brown_00446,12.660086366440469,70.48979591836735,1
brown_00447,12.081008274004231,70.91043890865954,1
brown_00448,12.620616814533165,70.17574257425743,1
brown_00449,12.408636545381848,70.07974276527331,1
brown_00450,13.965865708511116,70.19085487077535,1
brown_00451,12.649176327028677,69.98507462686567,1
brown_00452,13.62357669122572,70.87389830508475,1
brown_00453,13.312802463704356,70.26610049539985,1
brown_00454,12.901774397972115,69.69252077562327,1
brown_00455,13.167451596023025,69.83031400966183,1
brown_00456,13.302684681523074,70.24575775307197,1
brown_00457,13.10046367851623,69.3371462974112,1
brown_00458,13.238295633876907,69.47635933806147,1
brown_00459,13.36905181529785,70.3359756097561,1
brown_00460,13.088462197839876,69.88362068965517,1
brown_00461,12.81895652173913,70.00426829268292,1
brown_00462,12.699489795918367,70.21543209876543,1
brown_00463,12.57121338912134,70.53777777777778,1
brown_00464,13.078366058906033,69.37093690248565,1
brown_00465,12.684997422237496,69.08375634517766,1
brown_00466,12.915480735855606,69.69675778766688,1
brown_00467,13.423756308579668,69.82159017453135,1
brown_00468,13.371845710165823,69.16547231270359,1
brown_00469,12.87672428845818,69.85969556585043,1
brown_00470,12.19943587190974,69.56671159029649,1
brown_00471,12.29545073023334,69.45075239398085,1
brown_00472,13.79890792694408,69.70572019297036,1
brown_00473,13.24060014461316,68.88332140300645,1
brown_00474,13.80565167243368,68.11420204978037,1
brown_00475,13.329453067257946,69.32496307237814,1
brown_00476,13.046256734163109,69.56603773584905,1
brown_00477,13.004528681650452,66.97848456501403,1
brown_00478,12.776056108302072,67.05018939393939,1
brown_00479,12.680355699272432,67.60494958753438,1
brown_00480,12.970607661822983,67.78012879484821,1
brown_00481,12.419089759797725,68.04674610449129,1
brown_00482,12.848072190319934,68.0336669699727,1
brown_00483,12.983849483849484,67.58925318761385,1
brown_00484,12.626675175494576,67.73381950774841,1
brown_00485,12.843283582089551,67.39530685920577,1
brown_00486,13.013891241741488,68.01450589301903,1
brown_00487,13.279978776087724,67.02380952380952,1
brown_00488,13.488252046991812,67.33024118738405,1
brown_00489,13.654989965334792,67.68952734012974,1
brown_00490,13.984582771246869,67.17879053461876,1
brown_00491,13.65538870937084,67.00645161290322,1
brown_00492,12.449619266867364,67.1511839708561,1
brown_00493,12.253164556962023,67.174,1
brown_00494,12.376887131560029,68.78549540347294,1
brown_00495,12.56432311144353,68.60693641618496,1
brown_00496,12.70685036356678,68.24749498997996,1
brown_00497,12.812684656293088,69.2404214559387,1
brown_00498,12.994644696189496,67.61918604651163,1
brown_00499,13.500109241861482,68.53049370764762,1
brown_00500,13.591964285714283,69.33950046253469,1
brown_00501,13.504581005586592,68.9447004608295,1
brown_00502,13.02508650519031,70.42205323193916,1
brown_00503,11.196086261980833,68.69160768452983,1
brown_00504,13.664442326024783,69.99804113614104,1
brown_00505,13.24284717376134,70.38003838771593,1
brown_00506,13.825115375273258,69.77410207939508,1
brown_00507,13.44299831284647,70.04487804878049,1
brown_00508,11.487956810631228,69.71484759095378,1
brown_00509,12.537333634107828,70.12970297029703,1
brown_00510,12.14615552167284,70.33628318584071,1
brown_00511,12.91814946619217,69.76279527559055,1
brown_00512,11.853746887027397,70.68895643363729,1
brown_00513,12.543236714975846,70.55841371918542,1
brown_00514,12.64949219717612,71.13681102362204,1
brown_00515,13.000508388408743,70.64376321353066,1
brown_00516,12.30468169432747,70.51469098277609,1
brown_00517,11.974195133939542,70.71769383697813,1
brown_00518,12.498347317569284,70.63565891472868,1
brown_00519,11.56823642479577,70.64420218037661,1
brown_00520,12.134371957156768,70.57142857142857,1
brown_00521,13.04185927067283,71.09882583170254,1
brown_00522,12.347535298488976,70.01357904946654,1
brown_00523,12.575115656196738,71.04104104104104,1
brown_00524,12.563627378304917,71.05054509415262,1
brown_00525,12.26056166056166,70.46199407699902,1
brown_00526,13.4082020640956,71.08935742971887,1
brown_00527,12.815906127770534,70.4505893019039,1
brown_00528,13.361742424242424,71.20164986251146,1
brown_00529,13.522745845818578,71.41407678244973,1
brown_00530,13.177861364857604,70.71089630931459,1
brown_00531,13.43422136775611,71.33212341197822,1
brown_00532,13.61404958677686,70.49281487743026,1
brown_00533,13.589128035320089,71.87970540098199,1
brown_00534,12.589876543209876,71.59221160911095,1
brown_00535,12.632439024390244,73.0486163051608,1
brown_00536,12.04179529802897,71.81119402985074,1
brown_00537,11.99183085055262,71.8619957537155,1
brown_00538,12.513464526152251,73.10394537177542,1
brown_00539,13.43910447761194,72.48448687350836,1
brown_00540,11.164894873612097,72.81432973805855,1
brown_00541,12.52421875,71.82911877394636,1
brown_00542,12.668875927889712,73.1080459770115,1
brown_00543,12.582658657612956,70.86438035853469,1
brown_00544,13.16736518580609,71.91881028938907,1
brown_00545,11.989864864864863,71.12553011026293,1
brown_00546,11.985958641817716,71.46410684474124,1
brown_00547,13.255610609151852,71.56131687242798,1
brown_00548,14.151070336391438,70.83888888888889,1
brown_00549,13.83402985074627,72.04081632653062,1
brown_00550,12.493288590604028,71.73432055749129,1
brown_00551,11.559053196681308,72.13590604026845,1
brown_00552,12.718052192628464,70.81818181818181,1
brown_00553,13.171940632875945,72.27552816901408,1
brown_00554,13.13303269447576,71.54283216783217,1
brown_00555,12.840065502183409,72.97713280562884,1
brown_00556,13.052780129833474,71.74548581255374,1
brown_00557,14.05005959475566,72.83566433566433,1
brown_00558,12.9080832657475,72.2344537815126,1
brown_00559,12.998603741971516,72.87175188600168,1
brown_00560,13.10665437221454,68.27503974562798,1
brown_00561,13.262977929748212,68.7147102526003,1
brown_00562,13.151515151515152,68.10871130309575,1
brown_00563,13.043760630895315,68.31617113850616,1
brown_00564,13.43556332432862,68.6053412462908,1
brown_00565,13.44903450459006,68.69506726457399,1
brown_00566,13.621079857743291,68.37761194029851,1
brown_00567,13.377095855741851,68.05107327905256,1
brown_00568,13.572187349106713,67.85071267816954,1
brown_00569,13.33338550633902,68.27320754716982,1
brown_00570,13.438731379144642,68.59882005899705,1
brown_00571,13.378157853444218,68.79335793357933,1
brown_00572,13.947665725203525,69.05833333333334,1
brown_00573,13.55741360089186,68.29706513958483,1
brown_00574,14.103436714165968,68.4686809137804,1
brown_00575,13.240069907848746,68.25699928212491,1
brown_00576,13.49220160893121,68.38672768878719,1
brown_00577,13.07740890688259,67.85267857142857,1
brown_00578,13.617667005764666,68.68360773085182,1
brown_00579,13.15854679390591,67.90267459138187,1
brown_00580,13.4780348759222,67.78354978354979,1
brown_00581,13.173607626693428,68.97800586510265,1
brown_00582,13.358778625954198,68.04783258594918,1
brown_00583,13.499293785310735,68.06651549508692,1
brown_00584,13.618032786885246,67.80491329479769,1
brown_00585,13.872467001301358,67.12936802973978,1
brown_00586,13.392673048600884,67.01076095311299,1
brown_00587,13.950782144219763,67.56941176470588,1
brown_00588,13.641586360266864,67.38206480783722,1
brown_00589,14.215956808638271,66.52696456086287,1
brown_00590,13.469149952244509,67.7677616501146,1
brown_00591,13.184484038604309,68.06117647058824,1
brown_00592,14.144481190574618,68.84953703703704,1
brown_00593,13.632159023814207,69.40569668976136,1
brown_00594,13.910699755899104,68.296992481203,1
brown_00595,12.570486717083575,68.19917012448133,1
brown_00596,13.460931174089067,68.92325949367088,1
brown_00597,13.494941152178402,68.86529680365297,1
brown_00598,13.71440553575173,69.66511266511266,1
brown_00599,13.366258559867193,68.6780185758514,1
brown_00600,12.473604826546005,69.67969348659004,1
brown_00601,13.095083957111068,69.06573859242073,1
brown_00602,13.658998064932272,70.93282442748091,1
brown_00603,13.508200212992543,68.98953301127214,1
brown_00604,13.34431842499465,69.44216570959803,1
brown_00605,13.045087900723887,68.9857740585774,1
brown_00606,13.046700942587831,69.96511627906976,1
brown_00607,12.763900769888794,70.14100486223663,1
brown_00608,14.359035569348292,70.7603305785124,1
brown_00609,12.962916139907293,69.08507347254447,1
brown_00610,13.291573285522189,68.88623248145095,1
brown_00611,13.95822454308094,69.39792663476874,1
brown_00612,13.353089244851258,68.75535168195718,1
brown_00613,12.742529233434388,70.00455927051672,1
brown_00614,12.612845272849764,69.39453717754174,1
brown_00615,12.24588763084811,69.16816143497758,1
brown_00616,13.354018069424631,68.46843615494979,1
brown_00617,12.96138302649304,69.13475177304964,1
brown_00618,13.187628395343529,68.8496993987976,1
brown_00619,12.01267694908092,69.29415904292752,1
brown_00620,12.903628379939912,69.8663028649386,1
brown_00621,12.361293141109655,70.18673050615595,1
brown_00622,14.282734355365667,70.48060486522024,1
brown_00623,13.333011583011585,70.18386243386243,1
brown_00624,13.461502125649504,69.70631970260223,1
brown_00625,12.901455026455029,69.95355850422196,1
brown_00626,12.335178875638842,69.15617433414043,1
brown_00627,13.127001259219284,69.03067484662577,1
brown_00628,13.022187554168834,69.9236593059937,1
brown_00629,13.369936993699367,69.75188442211055,1
brown_00630,13.500090464990048,68.89799749687108,1
brown_00631,13.440329218106996,68.98384089496582,1
brown_00632,13.230489073881374,68.94077729796422,1
brown_00633,13.568937911403664,69.64110622250158,1
brown_00634,13.18621045392022,69.40273461777501,1
brown_00635,13.685688888888889,68.6190176322418,1
brown_00636,12.679360369271349,68.70332326283987,1
brown_00637,14.108311395261376,68.95589123867069,1
brown_00638,14.459605720912254,68.705112960761,1
brown_00639,15.011705348133198,69.11004209260373,1
brown_00640,15.731682565455651,68.89203860072377,1
brown_00641,14.343377976190476,68.8993329290479,1
brown_00642,13.710414452709884,68.81632653061224,1
brown_00643,14.16414922656961,69.04363207547169,1
brown_00644,14.23199709776891,68.1470408785845,1
brown_00645,14.093396062031712,68.67091024824953,1
brown_00646,13.898798118794636,67.77661659046375,1
brown_00647,13.630960608154805,67.57372826786865,1
brown_00648,13.758221162037826,68.08130081300813,1
brown_00649,13.189018302828618,68.41352405721716,1
brown_00650,13.294568245125348,66.98463593854376,1
brown_00651,13.634678111587982,66.74163319946453,1
brown_00652,13.050313454428547,66.43938332165382,1
brown_00653,13.39407356948229,67.26720947446336,1
brown_00654,13.803921568627452,66.72941176470589,1
brown_00655,13.661301609517144,66.28560830860535,1
brown_00656,13.136147846727704,66.3375,1
brown_00657,12.9010989010989,67.69765739385066,1
brown_00658,13.581446434606288,66.96527777777777,1
brown_00659,14.2604222103956,65.90791599353797,1
brown_00660,14.441384308751584,66.40453834115806,1
brown_00661,14.30043072505384,66.34092758340114,1
brown_00662,13.7593739250086,66.71805441055236,1
brown_00663,13.985069444444443,66.45936981757878,1
brown_00664,13.95269112101474,66.72667217175888,1
brown_00665,14.240451855836472,66.29029733959311,1
brown_00666,12.418825422365243,67.13220338983051,1
brown_00667,12.74046299315292,66.86746987951807,1
brown_00668,12.995084745762712,67.07274320771253,1
brown_00669,13.039848197343453,67.20376712328768,1
brown_00670,13.306868412104729,66.99379982285208,1
brown_00671,13.018157135584593,67.25477178423236,1
brown_00672,13.15075133301018,68.34809027777777,1
brown_00673,12.719579211807192,67.29116117850953,1
brown_00674,13.21534612176814,67.29444444444445,1
brown_00675,12.77998081228014,67.12398190045249,1
brown_00676,12.718648473034438,67.313598519889,1
brown_00677,12.225806451612904,67.08622398414272,1
brown_00678,12.469046470493648,66.65338645418326,1
brown_00679,13.005095974180398,67.38484251968504,1
brown_00680,13.900073206442167,66.16895459345301,1
brown_00681,13.507548152004164,66.23664921465969,1
brown_00682,13.15681585240861,66.38204592901879,1
brown_00683,12.430076162696484,65.93333333333334,1
brown_00684,12.64754918306102,66.89101123595506,1
brown_00685,12.283929136349256,67.2175,1
brown_00686,13.490934694596024,67.21067031463748,1
brown_00687,13.563880544265771,67.15753424657534,1
brown_00688,13.118617844249613,67.01641586867305,1
brown_00689,11.814928260519103,65.7281993204983,1
brown_00690,11.854746835443038,65.93411264612115,1
brown_00691,12.1584318807711,66.494960806271,1
brown_00692,11.866141732283465,65.84442060085837,1
brown_00693,12.194207562349156,66.63956043956044,1
brown_00694,12.39567870691077,67.88817204301075,1
brown_00695,12.148466655849424,67.45662100456622,1
brown_00696,11.889120333279925,66.57858769931663,1
brown_00697,12.030847070344375,65.68380743982495,1
brown_00698,12.657240788346186,67.51342281879195,1
brown_00699,12.060399415489528,65.52567237163814,1
brown_00700,11.89152759948652,65.60251572327044,1
brown_00701,12.281856540084387,66.55291005291005,1
brown_00702,11.889289814662948,66.63682219419924,1
brown_00703,11.995135860449514,67.47542997542998,1
brown_00704,13.274453394706558,67.6470588235294,1
brown_00705,12.92617830777967,66.08165829145729,1
brown_00706,13.443435340572556,67.25105189340813,1
brown_00707,12.872372656693807,67.2378516624041,1
brown_00708,12.586244541484715,66.7247119078105,1
brown_00709,12.310925892371806,66.85605095541402,1
brown_00710,13.332862333467904,66.90551181102362,1
brown_00711,13.518702211200662,66.8133704735376,1
brown_00712,13.64186444301903,65.31294452347083,1
brown_00713,13.118934544703697,67.14423076923077,1
brown_00714,12.990617988986337,66.77091906721536,1
brown_00715,12.400717703349285,67.34668335419273,1
brown_00716,12.461738782051285,66.74933333333334,1
brown_00717,11.872479354714809,67.06691449814126,1
brown_00718,13.184097728246892,66.14190093708166,1
brown_00719,12.203176567656763,67.94226044226045,1
brown_00720,13.212327215046454,67.41069100391134,1
brown_00721,12.474139665928758,66.27916666666667,1
brown_00722,12.198473282442748,64.33608815426997,1
brown_00723,13.813478556841387,65.43257676902537,1
brown_00724,13.823012939001847,65.25246826516221,1
brown_00725,13.446059504883037,65.27417218543046,1
brown_00726,13.472833723653396,65.14965986394557,1
brown_00727,13.06165025785279,65.5891156462585,1
brown_00728,13.43701923076923,66.0123287671233,1
brown_00729,13.888636363636364,65.59534206695778,1
brown_00730,14.083267871170465,66.03950953678473,1
brown_00731,13.06787109375,64.65116279069767,1
brown_00732,12.097588209021884,65.98726114649682,1
brown_00733,12.115426339770016,65.86211901306241,1
brown_00734,12.591437030289228,64.61163522012579,1
brown_00735,12.108545034642033,65.690625,1
brown_00736,13.938141470180303,66.22792022792022,1
brown_00737,13.403918411164788,65.75262368815592,1
brown_00738,12.85250501002004,71.28385899814471,1
brown_00739,12.705775444264944,71.11269464238585,1
brown_00740,12.793849206349206,71.05029815919109,1
brown_00741,11.982764943160984,71.65194669453881,1
brown_00742,12.429819669083471,71.77800776196636,1
brown_00743,13.00516693163752,71.78539880488438,1
brown_00744,12.97141143542583,71.47092419522326,1
brown_00745,12.28280327556656,71.29356846473028,1
brown_00746,12.263314711359405,71.42197858235595,1
brown_00747,11.954755967224797,71.79735132433782,1
brown_00748,11.81931633206728,71.54190642982236,1
brown_00749,11.670471014492753,71.04614629356898,1
brown_00750,12.781231898049816,71.02623032725455,1
brown_00751,13.869758153982694,71.93434823977165,1
brown_00752,13.560960067969411,71.66789667896678,1
brown_00753,12.567161186848436,71.79037459687423,1
brown_00754,12.160607809194076,70.91194523135033,1
brown_00755,12.141949943967129,70.61078818879331,1
brown_00756,13.48498031903874,70.96159283694628,1
brown_00757,13.74662379421222,70.44930772666369,1
brown_00758,12.927514792899409,70.37277037706029,1
brown_00759,11.957100881488737,70.26950978236975,1
brown_00760,11.836420969649192,70.29614561027837,1
brown_00761,11.353573448991137,70.5893536121673,1
brown_00762,11.153074493776703,70.49670982806198,1
brown_00763,11.187394485087223,70.90753852561433,1
brown_00764,10.86815415821501,71.22701266857376,1
brown_00765,11.969661150512216,71.59394301653715,1
brown_00766,12.000398644608332,71.7690644654088,1
brown_00767,11.900734564224736,71.73118704325499,1
brown_00768,11.797788309636651,71.52976308978698,1
brown_00769,11.214824850009675,71.56227616394747,1
brown_00770,11.671534306861371,70.81898238747554,1
brown_00771,11.696290256828371,71.0406374501992,1
brown_00772,11.760420965744943,71.37043444828912,1
brown_00773,11.223892250634394,71.03458325238003,1
brown_00774,11.074270037233,70.8757327080891,1
brown_00775,11.293706293706292,70.04951237809452,1
brown_00776,10.683707317073171,69.90755310778914,1
brown_00777,10.535200460387491,69.83478936128907,1
brown_00778,10.2486103124401,70.17290518715562,1
brown_00779,10.377279102384293,70.16501217456452,1
brown_00780,10.452438532849657,70.22291590157914,1
brown_00781,9.727520931925737,70.55649769585253,1
brown_00782,10.810560344827586,70.20019646365422,1
brown_00783,10.66504649196957,70.49566055930569,1
brown_00784,10.31970629093074,70.67284432305891,1
brown_00785,10.800513698630136,70.62474756746833,1
brown_00786,10.931160197297876,70.46005202526942,1
brown_00787,9.891996733360555,70.46850911825531,1
brown_00788,9.36835891381346,70.7900690184049,1
brown_00789,9.473038738563364,70.27475014142938,1
brown_00790,8.968197879858657,70.06757768625982,1
brown_00791,8.72604263206673,70.13210702341136,1
brown_00792,9.54958183990442,70.47342723004695,1
brown_00793,9.602854743912678,70.9779411764706,1
brown_00794,9.442231947483588,71.35972683647103,1
brown_00795,9.30774045482996,71.31528551532034,1
brown_00796,9.77121425222691,70.90413819286256,1
brown_00797,10.531170158405724,71.48101746393318,1
brown_00798,10.603212851405624,70.99943117178611,1
brown_00799,10.1277209546289,71.60022026431719,1
brown_00800,9.852911896465905,70.57634730538922,1
brown_00801,10.052204764318295,70.61292166952545,1
brown_00802,10.234182200052508,70.62436164176282,1
brown_00803,10.348571428571429,70.39080007863181,1
brown_00804,9.96935568360398,69.78454198473283,1
brown_00805,10.087001287001288,69.72683858643744,1
brown_00806,14.006491466862109,60.539712918660285,1
brown_00807,13.51969376448071,60.503848003848006,1
brown_00808,13.91958615037902,60.1075858778626,1
brown_00809,13.76245091961149,59.872520561199806,1
brown_00810,13.754918032786886,59.53632887189293,1
brown_00811,13.664939024390245,59.91857936699686,1
brown_00812,13.784570897449138,60.0955459770115,1
brown_00813,14.157388028463792,59.66014965001207,1
brown_00814,14.291405503027727,59.596923828125,1
brown_00815,14.415146666666669,59.68685746040567,1
brown_00816,14.814486486486487,60.14645496851902,1
brown_00817,14.252018215690333,60.69324812447902,1
brown_00818,14.499843440141948,60.75129111171514,1
brown_00819,13.486563750714694,60.79714823782621,1
brown_00820,13.519064613072878,61.335094549499445,1
brown_00821,13.587690580862407,61.07207207207208,1
brown_00822,13.610527294708453,61.00915593705293,1
brown_00823,13.442414174972315,61.403015366772976,1
brown_00824,13.600931966449208,60.87586000598265,1
brown_00825,13.930232558139537,61.10751059963658,1
brown_00826,13.59525560867966,60.71163215590743,1
brown_00827,13.801185547610087,61.00615384615384,1
brown_00828,13.768915010728612,61.22079176054071,1
brown_00829,14.1381654538491,61.5481144343303,1
brown_00830,14.15629164287074,60.78683385579937,1
brown_00831,13.394765441043289,61.18242626938279,1
brown_00832,14.96169273967108,60.68574051407589,1
brown_00833,15.21683440073193,60.96476457748675,1
brown_00834,15.14642532106381,60.46475434848947,1
brown_00835,13.733645288558584,61.47302158273381,1
brown_00836,13.731395455799834,61.713587786259545,1
brown_00837,13.645140547492192,61.67244045777915,1
brown_00838,13.969954700933716,61.93122028526149,1
brown_00839,13.734533918074089,61.83619881212879,1
brown_00840,13.971412343809163,62.44695989650712,1
brown_00841,14.62414761331729,62.44948186528497,1
brown_00842,14.114488551144886,62.21957760643648,1
brown_00843,14.113041700735897,62.85236958745312,1
brown_00844,13.535227602203538,62.31350979718116,1
brown_00845,13.544969888439136,62.78766886040873,1
brown_00846,13.751541493985648,63.07373271889401,1
brown_00847,13.719942990939632,63.49367088607595,1
brown_00848,13.025110486139011,63.29585571757482,1
brown_00849,12.701430274135877,62.84516880093132,1
brown_00850,12.664542235710671,63.3215291750503,1
brown_00851,12.862136132453198,63.12484650020467,1
brown_00852,12.872988065257855,63.513634513634514,1
brown_00853,11.879937119276873,63.27389558232932,1
brown_00854,11.688326962658042,62.8730493462674,1
brown_00855,14.176298890834794,62.34898161947342,1
brown_00856,14.419741480611046,61.98762376237624,1
brown_00857,14.050857275254865,62.121360411059456,1
brown_00858,13.838705950317737,62.30034465780404,1
brown_00859,13.87116493656286,62.14430501930502,1
brown_00860,13.39323063083324,62.339965610415135,1
brown_00861,13.37644549230942,62.43020428015564,1
brown_00862,13.442082528134591,62.25322101090188,1
brown_00863,13.283951989330962,62.25258748151799,1
brown_00864,12.708812260536398,62.109705667720746,1
brown_00865,12.83474895172562,63.151080884138935,1
brown_00866,13.08531376629066,62.613750298400575,1
brown_00867,13.459447315210063,62.97432958973184,1
brown_00868,13.57883442511859,63.49954337899543,1
brown_00869,13.74251497005988,62.756244218316375,1
brown_00870,13.736627906976745,62.95652173913044,1
brown_00871,12.766902768834514,63.06926210955184,1
brown_00872,13.276332234973298,63.468556244464125,1
brown_00873,13.19537984139754,63.44572331302189,1
brown_00874,13.150591016548464,63.2534416610246,1
brown_00875,13.299952651515152,63.1272182530537,1
brown_00876,13.118068833652009,63.39313861845155,1
brown_00877,13.39282999746643,63.29936149312377,1
brown_00878,12.955154118241536,64.45093632958802,1
brown_00879,13.335860601223729,64.20439061317184,1
brown_00880,13.156215921483096,65.28165182987142,1
brown_00881,14.089253731343284,64.89267676767676,1
brown_00882,13.942099091175608,64.4700109051254,1
brown_00883,13.872343587457276,63.89234065345474,1
brown_00884,13.730326876513317,64.25273260463877,1
brown_00885,13.119488536155202,65.05967825635703,1
brown_00886,14.150563607085346,65.430815876516,1
brown_00887,13.822808970892318,65.18868442735513,1
brown_00888,12.462264150943396,64.2326417704011,1
brown_00889,13.65056179775281,64.24993018709857,1
brown_00890,13.395950506186727,64.62545968882603,1
brown_00891,13.506339271385013,64.83832335329342,1
brown_00892,13.406997854431424,64.35693889206168,1
brown_00893,14.3642779587405,64.51628853984874,1
brown_00894,11.577989696371809,63.818431492218494,1
brown_00895,11.827318156579675,63.89327705758216,1
brown_00896,11.889913352588314,64.11919130959565,1
brown_00897,11.980642970341862,63.90048396854205,1
brown_00898,12.085041331672516,64.16253361219002,1
brown_00899,11.704434614948395,64.1306578153289,1
brown_00900,11.650660942266413,64.12818973281297,1
brown_00901,11.68293511493602,63.93273001508295,1
brown_00902,11.4897142221728,64.22333031127229,1
brown_00903,11.462523457335246,64.08788598574822,1
brown_00904,11.271173356859286,64.55040142729706,1
brown_00905,10.862051069130164,64.2907822041291,1
brown_00906,10.844045080718857,64.12767170133941,1
brown_00907,10.38576970191915,64.06802533737263,1
brown_00908,10.5932308327314,63.78839869281046,1
brown_00909,10.736476683937823,63.50341810226962,1
brown_00910,10.847363455288814,63.43653846153846,1
brown_00911,10.918913521070502,63.88159555667761,1
brown_00912,10.916400956556396,64.02750491159135,1
brown_00913,11.015968266883643,64.24844577481004,1
brown_00914,11.239763096089042,63.86459995441076,1
brown_00915,11.338319672131147,63.98338870431893,1
brown_00916,12.103781786568137,64.07485029940119,1
brown_00917,12.919269026139256,64.09292598654301,1
brown_00918,12.72657964652882,64.03687265278252,1
brown_00919,12.857627912422434,64.04701743163281,1
brown_00920,13.016770483948251,63.872083796222825,1
brown_00921,13.275623610768092,63.59644989004085,1
brown_00922,12.692508297771456,63.8608762490392,1
brown_00923,12.588214157384115,63.64598214285714,1
brown_00924,11.844730309185286,63.891564506713365,1
brown_00925,12.025002893853456,63.87322946175637,1
brown_00926,12.420935686952228,64.18585199886589,1
brown_00927,12.236389684813751,65.08000568424045,1
brown_00928,11.661012559886055,65.18954435080703,1
brown_00929,11.9709334823924,65.98826257064194,1
brown_00930,12.933914187078743,66.12957062661205,1
brown_00931,12.35558093994778,66.13519248257047,1
brown_00932,11.510573558496882,66.54946941323345,1
brown_00933,12.150608695652174,66.72501203272903,1
brown_00934,11.880041724617524,66.39088397790056,1
brown_00935,11.820798355319514,65.22589993898718,1
brown_00936,11.372188474798884,64.96235294117648,1
brown_00937,11.413746172167404,64.85487708168121,1
brown_00938,11.313904375739146,64.71640600063837,1
brown_00939,11.110066655272602,65.13561190738699,1
brown_00940,11.029546612328067,65.35192307692307,1
brown_00941,11.216276065694778,64.79013780508052,1
brown_00942,11.727990525069089,64.5707987112091,1
brown_00943,11.200680272108844,64.51487145017644,1
brown_00944,10.623602270772407,64.41309781703049,1
brown_00945,11.644787644787645,64.49991589571069,1
brown_00946,11.613602863760793,66.30881294964028,1
brown_00947,11.79348673946958,65.98035209053756,1
brown_00948,9.88826324124582,65.87655719139298,1
brown_00949,10.960942100098135,64.91302144907955,1
brown_00950,10.925874678790274,64.42219952332312,1
brown_00951,10.467197572999622,63.48465719796598,1
brown_00952,14.976765691827534,61.8380016722408,1
brown_00953,14.8652380426378,62.34219133278823,1
brown_00954,14.88103353490929,61.94887312186978,1
brown_00955,14.77509149384496,61.77716817894071,1
brown_00956,14.936795353604372,61.93894561366952,1
brown_00957,14.580554656307328,62.036550308008216,1
brown_00958,14.872225958305313,62.44078683259736,1
brown_00959,15.09849505840072,62.75137670813788,1
brown_00960,14.800598205383848,62.59318923327896,1
brown_00961,15.631212261960057,62.55805396565822,1
brown_00962,15.837907275487565,63.91784525790349,1
brown_00963,14.705660377358493,64.27400899060073,1
brown_00964,15.170551078196471,64.20840266222962,1
brown_00965,13.127151835321978,60.166555183946485,1
brown_00966,13.14731528223956,60.0907469342252,1
brown_00967,13.689878307900328,59.76206817661862,1
brown_00968,13.629242569511026,59.577842960288805,1
brown_00969,13.49545411941138,60.30430797433547,1
brown_00970,13.040218559656036,60.95366886171214,1
brown_00971,13.048018774257605,60.92575901328273,1
brown_00972,13.328214616096208,61.31226053639847,1
brown_00973,12.596991429071192,61.64241676942047,1
brown_00974,12.883172464032052,61.40247831474597,1
brown_00975,12.981234978739138,61.295223577235774,1
brown_00976,13.1123459096003,60.97896650220722,1
brown_00977,13.018126045733409,61.12274273750327,1
brown_00978,13.188141832978104,61.11821601289629,1
brown_00979,13.474952314024696,61.293084522502745,1
brown_00980,13.215506044559897,61.71055586749017,1
brown_00981,12.961939102564102,61.421251819505095,1
brown_00982,13.1259987707437,61.861460203470976,1
brown_00983,13.309019273772762,62.47076643441381,1
brown_00984,13.380240808428296,62.47674418604651,1
brown_00985,13.25777727682597,63.20989261308168,1
brown_00986,13.041391654547487,62.82311977715877,1
brown_00987,12.947642792384404,61.99525128611001,1
brown_00988,12.785073957866429,61.66158989598812,1
brown_00989,12.60011402508552,62.31560559006211,1
brown_00990,12.28475637013858,61.81643835616438,1
brown_00991,12.570207020702073,62.66574694521088,1
brown_00992,13.959984852310022,63.19402985074627,1
brown_00993,12.43017507723996,65.69875504120638,1
brown_00994,12.46314052995154,65.66637796639529,1
brown_00995,12.422105371687802,65.68117443868739,1
brown_00996,12.321527849274169,65.56182472989195,1
brown_00997,12.243865341715676,65.3775816122585,1
brown_00998,12.060266084193804,65.2615635179153,1
brown_00999,12.121118322516226,65.26517783291978,1
brown_01000,12.38576935097406,64.81861457649376,1
brown_01001,12.447118363974386,65.41807723911258,1
brown_01002,12.341379669129124,64.79779471379925,1
brown_01003,12.422807390104056,64.91437699680512,1
brown_01004,12.17080033347228,65.10326882419906,1
brown_01005,12.351999140154772,64.86290839205637,1
brown_01006,12.128335991493886,65.15677966101696,1
brown_01007,11.69702073902516,65.42501565435191,1
brown_01008,11.823963232150492,65.54448621553885,1
brown_01009,11.808245860837571,65.5549059883078,1
brown_01010,13.037903122189388,65.55702917771883,1
brown_01011,12.456786919283674,65.43374499332444,1
brown_01012,12.671917366042608,65.54962862930452,1
brown_01013,12.570198955834629,65.69272190376932,1
brown_01014,12.100679517403966,65.70765911542611,1
brown_01015,11.780803267528931,65.93073820796073,1
brown_01016,11.606869145614532,65.69313569790012,1
brown_01017,12.154357347832654,65.71639108554996,1
brown_01018,11.857742467396193,65.64680468046805,1
brown_01019,12.455077507118,66.14696652719665,1
brown_01020,12.342187014600809,67.5548600243436,1
brown_01021,10.878048780487806,67.11046409034763,1
brown_01022,11.48926640926641,66.7900267141585,1
brown_01023,11.14113933563806,66.88183966551536,1
brown_01024,12.236648701616854,66.96560417792185,1
brown_01025,12.055223880597016,67.75476742113705,1
brown_01026,11.514573643410852,66.83232514177693,1
brown_01027,11.86293103448276,66.90767772511849,1
brown_01028,12.13110229429015,66.76123648776787,1
brown_01029,11.370885868675291,66.69192114418244,1
brown_01030,10.984991843393148,66.92109946608662,1
brown_01031,11.899243402841853,66.88006450312437,1
brown_01032,11.237217099748532,67.12916006339144,1
brown_01033,11.10146407899217,66.9033579033579,1
brown_01034,10.847533632286996,66.81556546412646,1
brown_01035,16.165768355491675,65.8565441650548,1
brown_01036,15.77191956979191,65.83441138421733,1
brown_01037,16.341043962698315,65.93531525645214,1
brown_01038,16.0291011499648,65.52740836847227,1
brown_01039,16.126548258939003,65.68541530412034,1
brown_01040,16.32933634097115,66.02265265922522,1
brown_01041,15.924648786717752,65.7382146439318,1
brown_01042,16.10187477891758,66.08292038321771,1
brown_01043,16.206986382474838,66.16982408660351,1
brown_01044,16.2907683144729,66.2462311557789,1
brown_01045,16.33822644687763,66.22218453188603,1
brown_01046,16.414709738943856,65.89965277777777,1
brown_01047,16.05278999768465,66.10424155283968,1
brown_01048,15.54442558007923,66.65070527097254,1
brown_01049,15.70227062094532,66.20869239415511,1
brown_01050,15.59112337587674,66.57962751805397,1
brown_01051,15.321911632100992,66.06814641744548,1
brown_01052,15.715162747596432,66.63706266820454,1
brown_01053,15.247601644586569,66.25747126436782,1
brown_01054,15.580052182163188,66.91424136592937,1
brown_01055,15.231483631297888,67.23318742538798,1
brown_01056,14.792417167000222,66.99418845994188,1
brown_01057,14.62372992461488,67.15292662819456,1
brown_01058,14.259512612227448,67.92055127685448,1
brown_01059,14.057492223533195,67.13270336894001,1
brown_01060,13.925414364640885,67.24766355140187,1
brown_01061,13.838163221819732,67.14965711980638,1
brown_01062,13.99922634836428,66.71088709677419,1
brown_01063,13.469310974954317,66.15602836879432,1
brown_01064,13.851163321167885,66.60522151898734,1
brown_01065,14.28126834997064,66.24672667757774,1
brown_01066,13.876002831524303,66.0864448051948,1
brown_01067,13.246008545086577,66.39381774387796,1
brown_01068,14.185157790927022,66.170692431562,1
brown_01069,14.205357142857142,66.34442724458205,1
brown_01070,14.18221501621352,65.97750591949487,1
brown_01071,13.621348719798052,64.92585551330798,1
brown_01072,13.320200573065902,64.61868004631417,1
brown_01073,13.663951885728606,63.80278961642774,1
brown_01074,13.525141065830722,64.257421875,1
brown_01075,13.266551596597214,63.67964188400156,1
brown_01076,13.151385667195704,63.26261467889909,1
brown_01077,13.83369972843657,63.16761256148316,1
brown_01078,13.432828218515215,62.99316109422493,1
brown_01079,13.435642284828122,62.86157875046764,1
brown_01080,12.927505060728745,63.93208516886931,1
brown_01081,12.69897628612155,63.07310606060606,1
brown_01082,13.157880094588956,63.64307574598317,1
brown_01083,12.868884268884267,63.55555555555556,1
brown_01084,14.284929225645296,64.41400778210117,1
brown_01085,12.777239353891336,64.17978803936411,1
brown_01086,12.918637938827784,64.01040505388332,1
brown_01087,13.90868738110336,64.0542888165038,1
brown_01088,13.51864406779661,64.07960368978476,1
brown_01089,14.032052279446086,63.24629878869448,1
brown_01090,13.76197741837046,64.74339136041263,1
brown_01091,13.202737642585552,65.8133619368679,1
brown_01092,13.176644839413784,65.6502541296061,1
brown_01093,13.53649335738888,65.95015974440895,1
brown_01094,13.90570096808892,65.09788443321756,1
brown_01095,14.02285500187336,65.31811072880826,1
brown_01096,13.05763397371082,65.30837954405422,1
brown_01097,13.208078750848609,64.84168157423971,1
brown_01098,12.692827933312362,64.93226980128743,1
brown_01099,12.971977582065652,65.08781163434902,1
brown_01100,12.708899185173353,64.96459934138309,1
brown_01101,13.4234219269103,64.88345172323073,1
brown_01102,10.914990421455938,64.36874451273046,1
brown_01103,11.037444933920703,63.45433658816772,1
brown_01104,10.655269983494458,63.50936329588015,1
brown_01105,10.804128660585691,63.524732426959794,1
brown_01106,10.839246922519914,63.88280146851172,1
brown_01107,10.238148230580904,63.66949392140232,1
brown_01108,10.290941543953592,63.5186033199771,1
brown_01109,10.102227171492205,63.53800340328985,1
brown_01110,10.237800839037314,63.66580459770115,1
brown_01111,10.710335130067964,63.98332862390506,1
brown_01112,10.9502196193265,63.76173082326496,1
brown_01113,11.126928820308612,63.37408656548623,1
brown_01114,11.177451468392237,63.98646034816248,1
brown_01115,10.040577096483318,64.69083040302948,1
brown_01116,10.330970314576872,63.76895895623811,1
brown_01117,10.804311774461029,64.3930201342282,1
brown_01118,10.009621993127148,65.24535809018568,1
brown_01119,10.214801023970212,63.94919103037184,1
brown_01120,10.067272727272726,64.15527426160338,1
brown_01121,10.819143700787402,64.08427128427128,1
brown_01122,10.948874755381604,64.5065452475811,1
brown_01123,9.970749945018694,64.1711787930062,1
brown_01124,9.943461372464393,62.952101087275935,1
brown_01125,10.354998871586549,63.47967945048655,1
brown_01126,10.180903398926654,63.13093482748452,1
brown_01127,9.799311679931169,63.22360069244085,1
brown_01128,11.03307392996109,64.06471271038886,1
brown_01129,10.55103884372177,63.42968976514932,1
brown_01130,10.847599164926931,64.14256559766764,1
brown_01131,12.195527821112844,62.9994102034798,1
brown_01132,12.108379327646764,63.63512361466326,1
brown_01133,11.688857074683847,63.07155074116306,1
brown_01134,12.039589075419697,62.79490117444858,1
brown_01135,12.78556647697879,63.530554773303294,1
brown_01136,11.65613005193046,63.18536309692004,1
brown_01137,11.3017958826106,64.14959977918852,1
brown_01138,11.019199346405228,62.61678004535148,1
brown_01139,10.633320126782884,62.34358826912018,1
brown_01140,10.692145189168428,63.75736961451247,1
brown_01141,10.265412553548147,63.7587184576127,1
brown_01142,10.99577634754626,64.29719572130674,1
brown_01143,11.9290169929017,63.04599708879185,1
brown_01144,11.884998939104603,63.29823008849557,1
brown_01145,11.713165497317377,62.5924308588064,1
brown_01146,11.580877931449187,62.44382842135979,1
brown_01147,11.266018306636155,63.1043847241867,1
brown_01148,12.508383357482924,62.86521252796421,1
brown_01149,11.853506897221685,61.10017574692443,1
brown_01150,11.231693989071038,61.98744892002336,1
brown_01151,11.448752958310576,62.25405092592592,1
brown_01152,12.22958893729873,61.90307467057101,1
brown_01153,12.597208761387868,61.78688029020556,1
brown_01154,12.987264890282132,61.599816007359706,1
brown_01155,12.22427682167704,61.66686765149231,1
brown_01156,12.73865562041047,61.70656136087485,1
brown_01157,12.333941939017713,61.85674590923124,1
brown_01158,11.82603406326034,61.76966117500777,1
brown_01159,11.297903701277432,60.63317535545024,1
brown_01160,11.491386519484864,61.7462828218918,1
brown_01161,11.839819318971507,61.90866583541147,1
brown_01162,13.030522985296855,62.86629868138608,1
brown_01163,13.321491658488714,63.958912573370405,1
brown_01164,12.468966743731103,63.63084112149533,1
brown_01165,12.65927633912735,63.095238095238095,1
brown_01166,13.363385464581416,63.20642344870596,1
brown_01167,13.619977469019902,62.6590763309814,1
brown_01168,13.549781077479537,63.40069576217584,1
brown_01169,13.554038893044128,62.83423480750875,1
brown_01170,12.628694158075602,63.06579357655129,1
brown_01171,12.25664703072759,62.41789638932496,1
brown_01172,11.820727438746005,62.5130678282514,1
brown_01173,13.17835137385512,62.59500780031201,1
brown_01174,12.663872069554415,62.745603015075375,1
brown_01175,13.446960865945046,63.74982841455044,1
brown_01176,13.239028340080973,63.142228242465286,1
brown_01177,13.602900439954375,64.71219035202085,1
brown_01178,13.70462918468685,64.74158031088083,1
brown_01179,13.274186290685464,65.03258462511863,1
brown_01180,13.622678544466254,65.21275252525253,1
brown_01181,14.057941903584672,64.9789109222537,1
brown_01182,13.88039816232772,65.58215818516247,1
brown_01183,13.886482449589243,65.57649534114819,1
brown_01184,13.69058754750073,64.95260804769002,1
brown_01185,13.556901774123755,64.82804074295986,1
brown_01186,14.202919708029198,64.82126168224299,1
brown_01187,13.687748081503043,64.34497690531178,1
brown_01188,13.596078431372549,64.67102966841186,1
brown_01189,13.6297855545323,64.51791530944625,1
brown_01190,13.69328230170252,65.00755374782104,1
brown_01191,14.924434638720353,64.4587267742918,1
brown_01192,10.482441471571908,67.64718191964286,1
brown_01193,12.036700077101004,69.67427701674276,1
brown_01194,12.06045046096394,70.88925081433224,1
brown_01195,13.255071892850108,65.03056027164686,1
brown_01196,12.11734860883797,66.20139771283354,1
brown_01197,12.126627604166666,65.77173233270794,1
brown_01198,11.89795584627964,66.11753731343283,1
brown_01199,6.248219735503561,64.48926673751329,1
brown_01200,14.05168672321957,62.7973020944267,1
brown_01201,15.266927720672214,63.46767537826685,1
brown_01202,15.179623824451411,62.9446437724244,1
brown_01203,15.166640734401742,63.06233630172866,1
brown_01204,15.710620331276388,62.93263707571801,1
brown_01205,15.65310109067231,63.35744456177402,1
brown_01206,14.524352577809456,68.0586046511628,1
brown_01207,15.65310109067231,63.35744456177402,1
brown_01208,15.65310109067231,63.35744456177402,1
brown_01209,15.65310109067231,63.35744456177402,1
brown_01210,12.392296546727843,70.39484346224678,1
brown_01211,12.392296546727843,70.39484346224678,1
brown_01212,13.69991495565545,69.14121650361548,1
brown_01213,13.29529711994167,69.33097418817653,1
brown_01214,13.033854166666666,70.37464675010092,1
brown_01215,12.907722674562052,70.25518035303146,1
brown_01216,12.440467582550012,70.67896538607836,1
brown_01217,13.16030534351145,67.77875243664717,1
brown_01218,12.25655698617072,70.4554128440367,1
brown_01219,11.931375975766048,70.38701487123686,1
brown_01220,12.134823359769284,70.60659898477158,1
brown_01221,12.24065196548418,70.32102376599634,1
brown_01222,12.074559848753395,70.39949928469242,1
brown_01223,12.460323247053104,70.55095426719481,1
brown_01224,12.259308350403662,70.35809592499099,1
brown_01225,12.256847669389716,70.06012884753042,1
brown_01226,11.90775158658205,69.75294117647059,1
brown_01227,11.41722148246782,67.98264840182648,1
brown_01228,11.760695187165776,68.21990521327014,1
brown_01229,12.725822050290136,68.20052083333333,1
brown_01230,12.27696859353664,68.60172413793103,1
brown_01231,12.297217153284672,69.5736885928393,1
brown_01232,12.184648648648649,68.57016129032257,1
brown_01233,12.413135850430985,70.29733673841663,1
brown_01234,12.258402444347446,69.06474190726159,1
brown_01235,11.826124755487935,69.65087719298245,1
brown_01236,12.05534974940074,68.18157181571816,1
brown_01237,12.54032817194361,69.75455333911535,1
brown_01238,12.657257115972712,69.18648417450812,1
brown_01239,13.000962000962,69.55836236933798,1
brown_01240,13.1655421686747,70.01843722563652,1
brown_01241,12.436746987951809,69.49913644214162,1
brown_01242,12.579308712121213,69.19676320272572,1
brown_01243,12.753623188405795,68.19224137931035,1
brown_01244,12.392296546727843,70.39484346224678,1
brown_01245,12.389586238958625,69.28234336859235,1
brown_01246,9.627893262568184,69.3951367781155,1
brown_01247,11.972283813747229,68.81572481572482,1
brown_01248,12.627793296089385,69.34158020750199,1
brown_01249,12.627793296089385,69.34158020750199,1
brown_01250,12.627793296089385,69.34158020750199,1
brown_01251,12.627793296089385,69.34158020750199,1
brown_01252,11.91005967604433,71.73368055555555,1
brown_01253,11.585812692364062,69.77094379639449,1
brown_01254,12.075412019310804,67.3556597454789,1
brown_01255,12.392296546727843,70.39484346224678,1
brown_01256,11.23339288614585,68.59832635983264,1
brown_01257,10.505722569815353,69.88306047444036,1
brown_01258,10.385972461273663,69.23677069199458,1
brown_01259,10.342997670204504,68.90692561377794,1
brown_01260,11.129523124850229,67.10016764459345,1
brown_01261,11.720641189452898,64.33766836971668,1
brown_01262,11.92003221723622,62.63466967814794,1
brown_01263,11.830388281794932,63.7673235855054,1
brown_01264,13.27892561983471,64.21733420879842,1
brown_01265,13.453427605287429,66.17713903743315,1
brown_01266,12.392296546727843,70.39484346224678,1
brown_01267,14.739351446099912,66.77342657342658,1
brown_01268,12.81569314021964,67.3840579710145,1
brown_01269,15.547507456327226,68.1468438538206,1
brown_01270,14.789964005928436,68.6673293571902,1
brown_01271,14.835397858492549,67.68243243243244,1
brown_01272,12.658711615487316,69.02358189929892,1
brown_01273,12.853584138281647,69.906364749082,1
brown_01274,14.274207982817254,68.79949399114484,1
brown_01275,13.770964691046656,68.2359068627451,1
brown_01276,13.769649334945589,67.66820809248554,1
brown_01277,12.240149218932151,68.73379629629629,1
brown_01278,12.98988359201774,66.36482640865111,1
brown_01279,11.965683248981607,66.01471361008933,1
brown_01280,12.919301376848546,66.66867772750126,1
brown_01281,14.419822282980178,65.21730860675225,1
brown_01282,15.446649774774777,66.23055295220243,1
brown_01283,15.00812683186784,66.80210237659963,1
brown_01284,14.425772802442438,67.75102040816327,1
brown_01285,13.78026739291904,68.62251941328732,1
brown_01286,9.093058733791,72.88492063492063,1
brown_01287,11.399843811011324,72.72297297297297,1
brown_01288,12.295760697305864,64.79398592450416,1
brown_01289,11.059834123222748,70.79770642201835,1
brown_01290,9.322863027806385,69.35832978270132,1
brown_01291,9.110539419087138,70.91168091168092,1
brown_01292,9.470507544581618,72.1052842273819,1
brown_01293,10.465857634486506,72.86069246435845,1
brown_01294,10.355009633911369,70.52157676348548,1
brown_01295,10.934337645325035,67.34540389972145,1
brown_01296,11.638083228247163,65.7136803874092,1
brown_01297,11.536218815749924,64.93129251700681,1
brown_01298,10.69546097062981,64.53333333333333,1
brown_01299,13.77328008713015,63.07642799678198,1
brown_01300,9.914626775460864,67.82163034705408,1
brown_01301,9.227206946454414,69.14018691588785,1
brown_01302,10.995464852607707,69.44387317909168,1
brown_01303,11.747967479674797,69.18405428329092,1
brown_01304,11.235409322365845,69.81290322580645,1
brown_01305,10.946421737466514,69.65525291828794,1
brown_01306,11.21107544141252,70.1304347826087,1
brown_01307,11.68077709611452,69.64211369095277,1
brown_01308,10.72723928637116,69.15978593272172,1
brown_01309,9.969712266532056,69.20136778115501,1
brown_01310,13.953918791312558,64.15625,1
brown_01311,10.276197207987275,70.02868217054264,1
brown_01312,10.735288792323011,68.97024275646045,1
brown_01313,12.024872698785742,68.41899441340782,1
brown_01314,11.886710239651416,67.36335642802156,1
brown_01315,12.161060686954974,68.52436363636363,1
brown_01316,12.392456140350877,67.21147201105737,1
brown_01317,12.079239040529362,67.26268861454047,1
brown_01318,12.245684598625775,67.43411371237458,1
brown_01319,12.133714093734252,67.13470471134704,1
brown_01320,12.10840377921432,67.04486345903771,1
green_00001,5.991989319092123,72.27058409570725,2
green_00002,6.707325746799431,71.5274616526472,2
green_00003,7.101006191950464,72.41377551020408,2
green_00004,6.399876199319096,72.04480759093305,2
green_00005,5.505381990023628,72.21719038817005,2
green_00006,6.429755043227666,71.15297833935018,2
green_00007,7.682698961937716,70.90283939662821,2
green_00008,9.132342533616418,72.28023598820059,2
green_00009,9.01623488773748,71.6540225093789,2
green_00010,9.280166435506242,70.71512309495897,2
green_00011,9.61181882519462,70.0193740685544,2
green_00012,6.827947964750314,71.53170731707317,2
green_00013,8.924752475247525,71.94145677331518,2
green_00014,7.832405508350424,72.24944391483953,2
green_00015,6.941522186306201,72.16035767511177,2
green_00016,6.144980285107674,72.37926136363636,2
green_00017,5.5939617991374,72.34985187180177,2
green_00018,5.985648148148148,71.58613554061046,2
green_00019,5.8909696213067,71.1624649859944,2
green_00020,4.638304093567252,70.70367610531545,2
green_00021,4.4732522796352585,70.48607206746742,2
green_00022,5.300559026635975,70.88810824876398,2
green_00023,5.694618834080718,72.09925821264571,2
green_00024,4.684426229508197,71.05198693522047,2
green_00025,5.706155632984902,70.0426120641948,2
green_00026,6.563165905631659,69.94356846473029,2
green_00027,6.341209829867675,70.22844089091947,2
green_00028,6.289346777729066,70.32737752161383,2
green_00029,5.946005917159764,70.20086705202313,2
green_00030,5.264119601328904,70.07374631268436,2
green_00031,5.564839572192513,70.25995246583481,2
green_00032,5.117014547754586,69.8314742236961,2
green_00033,5.377371048252912,69.79257907542579,2
green_00034,5.640935156594619,72.22468737394111,2
green_00035,4.953994404724899,70.01032179720704,2
green_00036,5.091221493283349,69.94523449319213,2
green_00037,5.1697276757441415,69.95569044006069,2
green_00038,5.0492471769134255,69.96451319381255,2
green_00039,5.071194518915698,70.18159658744668,2
green_00040,5.151366287995088,70.22409049220421,2
green_00041,5.135609145004698,69.97627737226277,2
green_00042,5.04104134762634,69.99026763990268,2
green_00043,5.202779532533165,69.81892629663331,2
green_00044,5.072199938290651,69.78864734299516,2
green_00045,5.047524094383516,71.40776699029126,2
green_00046,5.072199938290651,69.78864734299516,2
green_00047,5.072199938290651,69.78864734299516,2
green_00048,5.072199938290651,69.78864734299516,2
green_00049,5.072199938290651,69.78864734299516,2
green_00050,6.780770198842185,72.2388802488336,2
green_00051,5.087935822277075,72.76697956929873,2
green_00052,4.574114021571648,71.07311995836587,2
green_00053,6.34050693448111,70.98781212841855,2
green_00054,4.68246302444914,70.61536010197578,2
green_00055,4.860787401574803,72.35375494071147,2
green_00056,5.893674815677144,71.23326771653544,2
green_00057,6.580222976248182,73.75856389986825,2
green_00058,6.125376506024097,73.53020833333333,2
green_00059,4.547164088565363,74.00133600534402,2
green_00060,4.763577235772358,72.84552845528455,2
green_00061,5.192422731804586,71.59866806869961,2
green_00062,7.045013581684128,70.40111279716743,2
green_00063,5.855156805690268,70.90436488474742,2
green_00064,6.045942320590208,72.37080291970803,2
green_00065,5.084836852207293,69.18279569892474,2
green_00066,5.643194335169159,72.41662364481157,2
green_00067,6.984766418415708,71.80575980392157,2
green_00068,6.290622992935131,72.88468930172967,2
green_00069,6.440956118444523,73.7877358490566,2
green_00070,5.5499828237719,74.27416038382454,2
green_00071,4.073320537428023,70.43417611159546,2
green_00072,4.55977945443993,70.65875109938435,2
green_00073,5.7447434819175776,73.26538716082065,2
green_00074,5.232992597814593,72.18960425280567,2
green_00075,5.605145413870246,71.71159179145867,2
green_00076,7.1116870876531575,73.63532219570406,2
green_00077,6.177307551988325,71.98708590679394,2
green_00078,6.967403114813473,71.27942857142857,2
green_00079,7.16243654822335,70.40736478711162,2
green_00080,7.82129963898917,70.45247148288973,2
green_00081,7.663853727144867,70.85642821410705,2
green_00082,7.198213672277568,70.5623869801085,2
green_00083,5.811303555150411,70.45130260521042,2
green_00084,6.249901613537977,70.750092284976,2
green_00085,5.604149026248941,70.31116471399035,2
green_00086,5.493747105141269,69.71414602346806,2
green_00087,5.553291536050157,75.0972894482091,2
green_00088,5.768607594936709,70.19967585089141,2
green_00089,6.132911392405063,69.83785529715762,2
green_00090,5.872862029646522,69.79564489112228,2
green_00091,5.643714136671883,69.90159944367177,2
green_00092,5.50026525198939,69.96325088339222,2
green_00093,4.798724954462659,69.55401459854015,2
green_00094,4.9411052843888665,69.58364174685418,2
green_00095,5.178761787617876,68.90919540229885,2
green_00096,4.919129082426127,69.31261770244821,2
green_00097,5.247681607418857,69.52269230769231,2
green_00098,5.774357346874008,73.92373306573006,2
green_00099,5.361464968152866,69.08629062383265,2
green_00100,5.540134440490313,69.29431818181818,2
green_00101,5.874062376628504,69.42727616169248,2
green_00102,5.458064516129032,69.12452107279694,2
green_00103,5.499801823226318,69.33485540334856,2
green_00104,5.084836852207293,69.18279569892474,2
green_00105,5.084836852207293,69.18279569892474,2
green_00106,5.084836852207293,69.18279569892474,2
green_00107,7.918170373478808,72.90406830738323,2
green_00108,7.903135048231511,72.91662951404369,2
green_00109,7.636697997548018,74.41073080481036,2
green_00110,5.996080139372823,74.42370632463512,2
green_00111,5.996362166531932,73.32618235007314,2
green_00112,5.162426614481409,75.64189189189189,2
green_00113,7.553182579564489,71.77439886845828,2
green_00114,5.754258675078864,72.22576079263978,2
green_00115,6.263513513513513,74.0679190751445,2
green_00116,6.0838073568449,73.21407185628742,2
green_00117,6.017575322812052,73.87672281776416,2
green_00118,5.868879395333552,73.89069925322471,2
green_00119,5.308503625576797,72.60813428018076,2
green_00120,6.24076755973932,72.48792884371029,2
green_00121,6.468814256339959,74.10793650793651,2
green_00122,6.9763752953088085,74.0,2
green_00123,5.843676355066771,74.87853403141361,2
green_00124,8.424935289042278,74.45472312703583,2
green_00125,7.31420161883738,74.16448230668414,2
green_00126,7.065078236130868,73.18710089399744,2
green_00127,6.983079526226734,73.4511421319797,2
green_00128,7.319698600645855,73.57581573896353,2
green_00129,7.057805469020423,73.95,2
green_00130,7.221907125132931,73.96291560102301,2
green_00131,7.347451543431443,73.6923076923077,2
green_00132,7.058228730822873,73.49010848755584,2
green_00133,6.751525423728814,73.6601880877743,2
green_00134,5.531096871466264,74.03368526897938,2
green_00135,6.751525423728814,73.6601880877743,2
green_00136,6.751525423728814,73.6601880877743,2
green_00137,6.751525423728814,73.6601880877743,2
green_00138,6.751525423728814,73.6601880877743,2
green_00139,6.297004691447131,72.7998046875,2
green_00140,6.752573075339646,73.83869395711501,2
green_00141,5.847816871555744,74.02574257425742,2
green_00142,5.278126306984525,73.54384133611691,2
green_00143,6.215404147270419,73.35857716580608,2
green_00144,6.6295422369042,72.13054499366287,2
other_00000,12.713639609616758,69.99166062364031,3
other_00001,12.7951110281769,66.50171232876713,3
other_00002,13.218494852680156,63.1186507936508,3
other_00003,12.019471488178024,61.51793721973094,3
other_00004,12.900134952766532,67.5087679344113,3
other_00005,12.684858507901506,63.84253092293054,3
other_00006,9.37393209200438,72.61597584408455,3
other_00007,13.023778071334212,73.49271137026238,3
other_00008,9.2506993006993,73.4919521254643,3
other_00009,5.967600700525394,74.47265554957863,3
other_00010,9.9470782800441,72.94140625,3
other_00011,11.649437716262977,70.73444613050076,3
other_00012,12.615699100572362,67.65617433414043,3
other_00013,15.377597109304428,69.94335312928278,3
other_00014,9.162882962309896,71.56886694386695,3
other_00015,9.698958333333334,72.04685212298682,3
other_00016,5.617665615141956,71.27746053073564,3
other_00017,10.17313875834776,74.17824773413898,3
other_00018,5.149,73.17053888351082,3
other_00019,9.857374392220422,71.94140720764894,3
other_00020,9.857374392220422,71.94140720764894,3
other_00021,11.683082148163871,72.86612405276452,3
other_00022,11.683082148163871,72.86612405276452,3
other_00023,6.944031981724729,72.52882311486962,3
other_00024,6.944031981724729,72.52882311486962,3
other_00025,5.3586305961216185,74.68763641032226,3
other_00026,5.3586305961216185,74.68763641032226,3
other_00027,11.7298862904956,72.17422620206347,3
other_00028,11.7298862904956,72.17422620206347,3
other_00029,10.846106932303314,71.46488970588236,3
other_00030,10.846106932303314,71.46488970588236,3
other_00031,11.551467367498905,70.82003973885892,3
other_00032,11.551467367498905,70.82003973885892,3
other_00033,12.62658126501201,67.12158623269734,3
other_00034,12.62658126501201,67.12158623269734,3
other_00035,11.776635309560271,62.058576148993694,3
other_00036,11.776635309560271,62.058576148993694,3
other_00037,11.318663732746549,64.77657177964366,3
other_00038,11.318663732746549,64.77657177964366,3
other_00039,12.806726094003242,67.65452755905511,3
other_00040,12.806726094003242,67.65452755905511,3
other_00041,13.594015444015444,66.6793604039554,3
other_00042,13.594015444015444,66.6793604039554,3
other_00043,14.54048656499637,64.6998523518245,3
other_00044,14.54048656499637,64.6998523518245,3
other_00045,10.098057527082554,61.11159185145124,3
other_00046,10.098057527082554,61.11159185145124,3
other_00047,11.850770478507703,69.79808973789427,3
other_00048,11.850770478507703,69.79808973789427,3
